{"auc": 0.6346599398684878, "accuracy": 0.90234, "precision": 0.06909667194928684, "recall": 0.10073937153419593}