{"auc": 0.6234649010273703, "accuracy": 0.45684, "precision": 0.05834746960701159, "recall": 0.7629390018484289}