{"auc": 0.6859245212269462, "accuracy": 0.66428, "precision": 0.0754848449657415, "recall": 0.600739371534196}