{"auc": 0.6859245212269462, "accuracy": 0.9563, "precision": 0.3157894736842105, "recall": 0.00831792975970425}