{"auc": 0.6051776525742065, "accuracy": 0.90184, "precision": 0.10254924681344148, "recall": 0.16358595194085027}