{"auc": 0.6073078899116033, "accuracy": 0.93266, "precision": 0.12893275755706354, "recall": 0.09658040665434381}