{"auc": 0.613946942526522, "accuracy": 0.95682, "precision": 1.0, "recall": 0.0023105360443622922}