{"auc": 0.6134915491839881, "accuracy": 0.0546, "precision": 0.04346153846153846, "recall": 0.9921441774491682}