{"auc": 0.6426249907454907, "accuracy": 0.95526, "precision": 0.23741007194244604, "recall": 0.015249537892791128}