{"auc": 0.7005342276576825, "accuracy": 0.6837, "precision": 0.08020173442401132, "recall": 0.6025878003696857}