{"auc": 0.6426249907454907, "accuracy": 0.79918, "precision": 0.07890516411846467, "recall": 0.3410351201478743}